scores,max_score,average_scores,std
[ 0.   -0.01],0.0,0.0,0.0
[ 0.   -0.01],0.0,0.0,0.0
[ 0.   -0.01],0.0,0.0,0.0
[ 0.   -0.01],0.0,0.0,0.0
[ 0.   -0.01],0.0,0.0,0.0
[-0.01  0.  ],0.0,0.0,0.0
[ 0.   -0.01],0.0,0.0,0.0
[-0.01  0.  ],0.0,0.0,0.0
[ 0.   -0.01],0.0,0.0,0.0
[ 0.   -0.01],0.0,0.0,0.0
[ 0.   -0.01],0.0,0.0,0.0
[ 0.   -0.01],0.0,0.0,0.0
[ 0.   -0.01],0.0,0.0,0.0
[ 0.   -0.01],0.0,0.0,0.0
[ 0.   -0.01],0.0,0.0,0.0
[ 0.   -0.01],0.0,0.0,0.0
[-0.01  0.  ],0.0,0.0,0.0
[-0.01  0.  ],0.0,0.0,0.0
[ 0.1  -0.01],0.10000000149011612,0.005263157973164006,0.022329688159681883
[-0.01  0.  ],0.0,0.005000000074505806,0.021794495042466645
[ 0.   -0.01],0.0,0.004761904832862672,0.02129588581733142
[ 0.   -0.01],0.0,0.004545454613187097,0.020829889832916088
[ 0.   -0.01],0.0,0.004347826151744179,0.020393112303113355
[ 0.   -0.01],0.0,0.004166666728754838,0.01998263164490074
[-0.01  0.  ],0.0,0.004000000059604645,0.019595918234267356
[ 0.   -0.01],0.0,0.0038461539034660044,0.01923076951733002
[ 0.   -0.01],0.0,0.0037037037588931896,0.01888525773916332
[ 0.   -0.01],0.0,0.0035714286246470044,0.018557687500483346
[ 0.   -0.01],0.0,0.00344827591345228,0.01824656103785764
[ 0.   -0.01],0.0,0.0033333333830038708,0.01795054962459904
[-0.01  0.  ],0.0,0.0032258064996811653,0.01766846986022155
[ 0.   -0.01],0.0,0.0031250000465661287,0.01739926389311305
[-0.01  0.1 ],0.10000000149011612,0.006060606150916128,0.023860630276799008
[-0.01  0.  ],0.0,0.00588235302883036,0.02352941211532144
[-0.01  0.  ],0.0,0.005714285799435207,0.02321153864483876
[ 0.   -0.01],0.0,0.005555555638339784,0.022906142705870675
[ 0.   -0.01],0.0,0.005405405485952222,0.02261243348652112
[-0.01  0.  ],0.0,0.005263157973164006,0.02232968815968188
[ 0.   -0.01],0.0,0.005128205204621339,0.02205724460314682
[ 0.   -0.01],0.0,0.005000000074505806,0.021794495042466645
[-0.01  0.  ],0.0,0.004878048853176396,0.021540880482759362
[-0.01  0.  ],0.0,0.004761904832862672,0.02129588581733142
[ 0.   -0.01],0.0,0.004651162860005401,0.021059035518774815
[ 0.   -0.01],0.0,0.004545454613187097,0.020829889832916088
[ 0.   -0.01],0.0,0.004444444510671827,0.0206080414081853
[-0.01  0.  ],0.0,0.004347826151744179,0.020393112303113352
[-0.01  0.  ],0.0,0.004255319212345367,0.020184751323127584
[ 0.   -0.01],0.0,0.004166666728754838,0.01998263164490074
[ 0.   -0.01],0.0,0.004081632713882291,0.019786448692458724
[ 0.1  -0.01],0.10000000149011612,0.006000000089406967,0.023748684527958808
[ 0.   -0.01],0.0,0.00588235302883036,0.023529412115321443
[ 0.   -0.01],0.0,0.005769230855199007,0.023316068910863692
[ 0.   -0.01],0.0,0.0056603774428367615,0.023108394144183204
[ 0.   -0.01],0.0,0.005555555638339784,0.022906142705870675
[0.   0.09],0.09000000171363354,0.007090909203345126,0.025346524441454608
[ 0.   -0.01],0.0,0.006964285824713963,0.025136743768484987
[-0.01  0.  ],0.0,0.006842105371648805,0.024932040987687726
[ 0.   -0.01],0.0,0.00672413803765486,0.02473221664363849
[ 0.   -0.01],0.0,0.006610169596338676,0.024537081940479485
[ 0.   -0.01],0.0,0.006500000103066365,0.0243464580319643
[-0.01  0.  ],0.0,0.006393442724327572,0.024160175367299645
[ 0.   -0.01],0.0,0.006290322680386805,0.023978073087811146
[ 0.   -0.01],0.0,0.006190476288634633,0.02379999846994607
[-0.01  0.  ],0.0,0.006093750096624717,0.023625806410561296
[-0.01  0.  ],0.0,0.006000000095138183,0.023455358950835795
[ 0.   -0.01],0.0,0.005909091002787604,0.023288524835496944
[ 0.   -0.01],0.0,0.005820895614686297,0.023125179104364825
[ 0.   -0.01],0.0,0.005735294208587969,0.022965202713500454
[-0.01  0.  ],0.0,0.005652174002666405,0.022808482183497885
[-0.01  0.  ],0.0,0.00557142865977117,0.022654909272687557
[-0.01  0.  ],0.0,0.0054929578335772096,0.0225043806732235
[-0.01  0.  ],0.0,0.005416666752555304,0.022356797728211145
[-0.01  0.  ],0.0,0.005342465838136738,0.02221206616819893
[ 0.   -0.01],0.0,0.005270270353837593,0.022070095865506473
[-0.01  0.  ],0.0,0.005200000082453092,0.021930800604997015
[ 0.   -0.01],0.0,0.005131579028736604,0.021794097870024242
[-0.01  0.  ],0.0,0.005064935145246518,0.021659908642393498
[ 0.   -0.01],0.0,0.005000000079281819,0.021528157215277184
[-0.01  0.  ],0.0,0.004936708939037746,0.021398771018114614
[-0.01  0.  ],0.0,0.004875000077299773,0.0212716804526082
[ 0.   -0.01],0.0,0.00481481489116027,0.021146818739001937
[-0.01  0.  ],0.0,0.004756097636390023,0.021024121771896012
[ 0.   -0.01],0.0,0.004698795255228698,0.020903527984911803
[ 0.   -0.01],0.0,0.0046428572164759745,0.02078497822357782
[-0.01  0.  ],0.0,0.004588235366870376,0.020668415625857365
[ 0.   -0.01],0.0,0.004534883792836999,0.0205537855097851
[ 0.   -0.01],0.0,0.004482758691769907,0.020441035267721435
[ 0.   -0.01],0.0,0.004431818252090703,0.020330114266772416
[ 0.   -0.01],0.0,0.004382022541393055,0.02022097375495738
[0.   0.09],0.09000000171363354,0.005333333421084616,0.02202019311317494
[ 0.   -0.01],0.0,0.005274725361512258,0.02190592606253108
[-0.01  0.  ],0.0,0.005217391390191472,0.021793410851647467
[-0.01  0.  ],0.0,0.005161290407501241,0.021682603421289044
[ 0.   -0.01],0.0,0.0051063830627405896,0.021573461238125775
[-0.01  0.  ],0.0,0.0050526316620801625,0.02146594322796131
[ 0.   -0.01],0.0,0.005000000082266827,0.021360009712466977
[-0.01  0.  ],0.0,0.004948453689666139,0.021255622349207616
[ 0.   -0.01],0.0,0.004897959264261382,0.021152744074761264
[ 0.   -0.01],0.0,0.004848484928258742,0.02105133905074725
[ 0.   -0.01],0.0,0.004800000078976154,0.020951372612590485
[ 0.   -0.01],0.0,0.004800000078976154,0.020951372612590485
[ 0.   -0.01],0.0,0.004800000078976154,0.020951372612590485
[ 0.   -0.01],0.0,0.004800000078976154,0.020951372612590485
[ 0.   -0.01],0.0,0.004800000078976154,0.020951372612590485
[ 0.1  -0.01],0.10000000149011612,0.005800000093877315,0.022986083115681823
[-0.01  0.  ],0.0,0.005800000093877315,0.022986083115681826
[ 0.   -0.01],0.0,0.005800000093877315,0.022986083115681823
[ 0.   -0.01],0.0,0.005800000093877315,0.022986083115681823
[ 0.   -0.01],0.0,0.005800000093877315,0.022986083115681826
[-0.01  0.  ],0.0,0.005800000093877315,0.022986083115681826
[ 0.   -0.01],0.0,0.005800000093877315,0.022986083115681826
[-0.01  0.  ],0.0,0.005800000093877315,0.022986083115681826
[ 0.1  -0.01],0.10000000149011612,0.006800000108778476,0.024814512277916225
[-0.01  0.  ],0.0,0.006800000108778476,0.02481451227791622
[ 0.   -0.01],0.0,0.006800000108778476,0.02481451227791622
[-0.01  0.  ],0.0,0.006800000108778476,0.02481451227791622
[ 0.1  -0.01],0.10000000149011612,0.007800000123679638,0.02647942639335437
[-0.01  0.  ],0.0,0.007800000123679638,0.02647942639335437
[ 0.   -0.01],0.0,0.006800000108778476,0.024814512277916225
[0.   0.09],0.09000000171363354,0.007700000125914812,0.026147849284705888
[-0.01  0.  ],0.0,0.007700000125914812,0.026147849284705888
[ 0.   -0.01],0.0,0.007700000125914812,0.026147849284705888
[-0.01  0.  ],0.0,0.007700000125914812,0.026147849284705888
[0.   0.09],0.09000000171363354,0.008600000143051147,0.027386858614650254
[-0.01  0.  ],0.0,0.008600000143051147,0.027386858614650254
[-0.01  0.  ],0.0,0.008600000143051147,0.027386858614650254
[ 0.   -0.01],0.0,0.008600000143051147,0.027386858614650254
[-0.01  0.  ],0.0,0.008600000143051147,0.02738685861465025
[-0.01  0.  ],0.0,0.008600000143051147,0.02738685861465025
[ 0.   -0.01],0.0,0.008600000143051147,0.02738685861465025
[ 0.   -0.01],0.0,0.008600000143051147,0.02738685861465025
[ 0.1  -0.01],0.10000000149011612,0.009600000157952308,0.028841637040689466
[ 0.   -0.01],0.0,0.008600000143051147,0.027386858614650254
[ 0.   -0.01],0.0,0.008600000143051147,0.027386858614650254
[ 0.   -0.01],0.0,0.008600000143051147,0.02738685861465025
[-0.01  0.  ],0.0,0.008600000143051147,0.02738685861465025
[-0.01  0.  ],0.0,0.008600000143051147,0.02738685861465025
[-0.01  0.  ],0.0,0.008600000143051147,0.02738685861465025
[ 0.   -0.01],0.0,0.008600000143051147,0.02738685861465025
[-0.01  0.  ],0.0,0.008600000143051147,0.02738685861465025
[-0.01  0.  ],0.0,0.008600000143051147,0.02738685861465025
[ 0.   -0.01],0.0,0.008600000143051147,0.02738685861465025
[-0.01  0.  ],0.0,0.008600000143051147,0.02738685861465025
[-0.01  0.  ],0.0,0.008600000143051147,0.02738685861465025
[-0.01  0.  ],0.0,0.008600000143051147,0.02738685861465025
[-0.01  0.  ],0.0,0.008600000143051147,0.02738685861465025
[-0.01  0.  ],0.0,0.008600000143051147,0.02738685861465025
[-0.01  0.  ],0.0,0.008600000143051147,0.02738685861465025
[ 0.1  -0.01],0.10000000149011612,0.009600000157952308,0.028841637040689466
[ 0.   -0.01],0.0,0.008600000143051147,0.027386858614650254
[0.   0.09],0.09000000171363354,0.009500000160187483,0.028543826430251096
[ 0.1  -0.01],0.10000000149011612,0.010500000175088644,0.02991237251752582
[ 0.   -0.01],0.0,0.010500000175088644,0.029912372517525817
[-0.01  0.  ],0.0,0.010500000175088644,0.029912372517525817
[-0.01  0.  ],0.0,0.009600000157952308,0.028841637040689466
[ 0.1  -0.01],0.10000000149011612,0.01060000017285347,0.030193377246265342
[-0.01  0.  ],0.0,0.01060000017285347,0.030193377246265342
[ 0.   -0.01],0.0,0.01060000017285347,0.030193377246265342
[ 0.   -0.01],0.0,0.01060000017285347,0.030193377246265342
[ 0.   -0.01],0.0,0.01060000017285347,0.030193377246265345
[ 0.   -0.01],0.0,0.01060000017285347,0.030193377246265345
[ 0.   -0.01],0.0,0.01060000017285347,0.030193377246265345
[ 0.   -0.01],0.0,0.01060000017285347,0.030193377246265345
[-0.01  0.  ],0.0,0.01060000017285347,0.030193377246265345
[0.   0.09],0.09000000171363354,0.011500000189989805,0.03118894085913406
[-0.01  0.  ],0.0,0.011500000189989805,0.03118894085913406
[ 0.   -0.01],0.0,0.011500000189989805,0.03118894085913406
[-0.01  0.  ],0.0,0.011500000189989805,0.03118894085913406
[ 0.   -0.01],0.0,0.011500000189989805,0.03118894085913406
[-0.01  0.  ],0.0,0.011500000189989805,0.03118894085913406
[ 0.   -0.01],0.0,0.011500000189989805,0.03118894085913406
[-0.01  0.  ],0.0,0.011500000189989805,0.031188940859134064
[-0.01  0.  ],0.0,0.011500000189989805,0.03118894085913406
[-0.01  0.  ],0.0,0.011500000189989805,0.03118894085913406
[ 0.   -0.01],0.0,0.011500000189989805,0.03118894085913406
[-0.01  0.  ],0.0,0.011500000189989805,0.031188940859134064
[ 0.   -0.01],0.0,0.011500000189989805,0.03118894085913406
[ 0.   -0.01],0.0,0.011500000189989805,0.03118894085913406
[-0.01  0.  ],0.0,0.011500000189989805,0.03118894085913406
[ 0.1  -0.01],0.10000000149011612,0.012500000204890966,0.03238441035656332
[-0.01  0.  ],0.0,0.012500000204890966,0.03238441035656332
[0.   0.09],0.09000000171363354,0.013400000222027302,0.033263193418533475
[ 0.   -0.01],0.0,0.013400000222027302,0.033263193418533475
[ 0.   -0.01],0.0,0.013400000222027302,0.033263193418533475
[ 0.1  -0.01],0.10000000149011612,0.014400000236928463,0.03433132736300467
[-0.01  0.  ],0.0,0.014400000236928463,0.03433132736300467
[ 0.1  -0.01],0.10000000149011612,0.015400000251829624,0.03533893094808065
[ 0.   -0.01],0.0,0.015400000251829624,0.03533893094808065
[0.   0.09],0.09000000171363354,0.01630000026896596,0.036073675202643485
[ 0.   -0.01],0.0,0.015400000251829624,0.03533893094808065
[ 0.   -0.01],0.0,0.015400000251829624,0.03533893094808065
[-0.01  0.  ],0.0,0.015400000251829624,0.03533893094808065
[-0.01  0.  ],0.0,0.015400000251829624,0.03533893094808065
[ 0.   -0.01],0.0,0.015400000251829624,0.03533893094808065
[0.   0.09],0.09000000171363354,0.01630000026896596,0.03607367520264348
[ 0.   -0.01],0.0,0.01630000026896596,0.03607367520264348
[-0.01  0.  ],0.0,0.01630000026896596,0.03607367520264348
[ 0.   -0.01],0.0,0.01630000026896596,0.03607367520264348
[0.1  0.09],0.10000000149011612,0.01730000028386712,0.03698256406135917
[-0.01  0.  ],0.0,0.01730000028386712,0.03698256406135917
[ 0.1  -0.01],0.10000000149011612,0.01830000029876828,0.03784322986241596
[0.1  0.09],0.10000000149011612,0.019300000313669442,0.03865889352047161
[ 0.   -0.01],0.0,0.019300000313669442,0.03865889352047161
[ 0.1  -0.01],0.10000000149011612,0.020300000328570603,0.039432347761388334
[ 0.   -0.01],0.0,0.019300000313669442,0.03865889352047161
[0.1  0.09],0.10000000149011612,0.020300000328570603,0.039432347761388334
[ 0.   -0.01],0.0,0.020300000328570603,0.03943234776138834
[-0.01  0.  ],0.0,0.020300000328570603,0.039432347761388334
[ 0.   -0.01],0.0,0.020300000328570603,0.03943234776138834
[ 0.1  -0.01],0.10000000149011612,0.021300000343471764,0.040166031066852605
[-0.01  0.  ],0.0,0.021300000343471764,0.040166031066852605
[-0.01  0.1 ],0.10000000149011612,0.022300000358372925,0.040862085767763574
[ 0.   -0.01],0.0,0.021300000343471764,0.04016603106685261
[ 0.   -0.01],0.0,0.021300000343471764,0.040166031066852605
[ 0.   -0.01],0.0,0.021300000343471764,0.040166031066852605
[ 0.   -0.01],0.0,0.021300000343471764,0.040166031066852605
[ 0.   -0.01],0.0,0.020300000328570603,0.03943234776138834
[-0.01  0.  ],0.0,0.020300000328570603,0.03943234776138834
[-0.01  0.1 ],0.10000000149011612,0.021300000343471764,0.040166031066852605
[ 0.   -0.01],0.0,0.02040000032633543,0.039621207072680666
[ 0.   -0.01],0.0,0.02040000032633543,0.039621207072680666
[-0.01  0.  ],0.0,0.02040000032633543,0.03962120707268067
[ 0.   -0.01],0.0,0.02040000032633543,0.039621207072680666
[0.   0.09],0.09000000357627869,0.02040000034496188,0.03962120710540055
[-0.01  0.  ],0.0,0.02040000034496188,0.03962120710540055
[ 0.   -0.01],0.0,0.02040000034496188,0.03962120710540055
[0.   0.09],0.09000000171363354,0.021300000362098215,0.04016603109871131
[0.   0.09],0.09000000171363354,0.02220000037923455,0.04068365833961536
[ 0.   -0.01],0.0,0.02220000037923455,0.04068365833961536
[-0.01  0.  ],0.0,0.02220000037923455,0.04068365833961536
[ 0.   -0.01],0.0,0.02220000037923455,0.04068365833961536
[0.09 0.2 ],0.20000000298023224,0.023200000394135712,0.043700801633212265
[-0.01  0.  ],0.0,0.023200000394135712,0.04370080163321227
[-0.01  0.  ],0.0,0.023200000394135712,0.043700801633212265
[-0.01  0.  ],0.0,0.023200000394135712,0.04370080163321227
[-0.01  0.  ],0.0,0.023200000394135712,0.043700801633212265
[-0.01  0.  ],0.0,0.023200000394135712,0.043700801633212265
[-0.01  0.  ],0.0,0.023200000394135712,0.043700801633212265
[ 0.1  -0.01],0.10000000149011612,0.024200000409036873,0.04429853343911187
[-0.01  0.  ],0.0,0.024200000409036873,0.044298533439111866
[-0.01  0.  ],0.0,0.024200000409036873,0.044298533439111866
[ 0.1  -0.01],0.10000000149011612,0.025200000423938038,0.04486602351743747
[ 0.   -0.01],0.0,0.025200000423938038,0.04486602351743747
[-0.01  0.  ],0.0,0.025200000423938038,0.04486602351743747
[ 0.   -0.01],0.0,0.025200000423938038,0.04486602351743747
[ 0.1  -0.01],0.10000000149011612,0.0262000004388392,0.0454044058172639
[-0.01  0.  ],0.0,0.0262000004388392,0.0454044058172639
[-0.01  0.  ],0.0,0.0262000004388392,0.0454044058172639
[ 0.   -0.01],0.0,0.025200000423938038,0.04486602351743747
[ 0.   -0.01],0.0,0.025200000423938038,0.04486602351743747
[-0.01  0.  ],0.0,0.024300000406801702,0.044457958396429166
[ 0.   -0.01],0.0,0.02330000039190054,0.043864678994680814
[ 0.   -0.01],0.0,0.02330000039190054,0.043864678994680814
[-0.01  0.  ],0.0,0.02330000039190054,0.043864678994680814
[-0.01  0.  ],0.0,0.02330000039190054,0.043864678994680814
[ 0.1  -0.01],0.10000000149011612,0.02330000039190054,0.043864678994680814
[ 0.   -0.01],0.0,0.02330000039190054,0.043864678994680814
[0.   0.09],0.09000000171363354,0.024200000409036873,0.044298533439111866
[ 0.   -0.01],0.0,0.024200000409036873,0.044298533439111866
[-0.01  0.1 ],0.10000000149011612,0.025200000423938038,0.04486602351743747
[-0.01  0.  ],0.0,0.025200000423938038,0.04486602351743747
[ 0.   -0.01],0.0,0.025200000423938038,0.04486602351743747
[ 0.   -0.01],0.0,0.025200000423938038,0.04486602351743747
[-0.01  0.  ],0.0,0.025200000423938038,0.044866023517437466
[-0.01  0.  ],0.0,0.024300000406801702,0.04445795839642917
[ 0.1  -0.01],0.10000000149011612,0.025300000421702863,0.04502121795544026
[ 0.   -0.01],0.0,0.025300000421702863,0.04502121795544026
[-0.01  0.1 ],0.10000000149011612,0.026300000436604024,0.0455555712020416
[ 0.   -0.01],0.0,0.026300000436604024,0.04555557120204161
[-0.01  0.  ],0.0,0.026300000436604024,0.0455555712020416
[-0.01  0.  ],0.0,0.026300000436604024,0.0455555712020416
[ 0.   -0.01],0.0,0.026300000436604024,0.0455555712020416
[ 0.   -0.01],0.0,0.026300000436604024,0.0455555712020416
[ 0.   -0.01],0.0,0.026300000436604024,0.0455555712020416
[ 0.   -0.01],0.0,0.026300000436604024,0.0455555712020416
[ 0.   -0.01],0.0,0.026300000436604024,0.04555557120204161
[-0.01  0.  ],0.0,0.026300000436604024,0.04555557120204161
[ 0.   -0.01],0.0,0.026300000436604024,0.04555557120204161
[-0.01  0.  ],0.0,0.026300000436604024,0.0455555712020416
[ 0.   -0.01],0.0,0.025300000421702863,0.04502121795544026
[ 0.   -0.01],0.0,0.025300000421702863,0.04502121795544026
[ 0.   -0.01],0.0,0.024400000404566528,0.044616589568254025
[ 0.   -0.01],0.0,0.024400000404566528,0.044616589568254025
[-0.01  0.  ],0.0,0.024400000404566528,0.044616589568254025
[ 0.   -0.01],0.0,0.023400000389665367,0.04402771925989705
[ 0.   -0.01],0.0,0.023400000389665367,0.04402771925989705
[0.2  0.09],0.20000000298023224,0.024400000404566528,0.046804274064047816
[0.   0.09],0.09000000171363354,0.025300000421702863,0.04719014804121429
[ 0.   -0.01],0.0,0.024400000404566528,0.046804274064047816
[ 0.   -0.01],0.0,0.024400000404566528,0.046804274064047816
[0.   0.09],0.09000000171363354,0.025300000421702863,0.04719014804121429
[-0.01  0.  ],0.0,0.025300000421702863,0.04719014804121429
[ 0.   -0.01],0.0,0.025300000421702863,0.04719014804121429
[-0.01  0.1 ],0.10000000149011612,0.026300000436604024,0.047700210413631795
[ 0.   -0.01],0.0,0.02540000041946769,0.047337512313984344
[ 0.   -0.01],0.0,0.02540000041946769,0.047337512313984344
[ 0.   -0.01],0.0,0.02540000041946769,0.047337512313984344
[ 0.   -0.01],0.0,0.02540000041946769,0.04733751231398435
[ 0.   -0.01],0.0,0.024400000404566528,0.04680427406404781
[ 0.   -0.01],0.0,0.024400000404566528,0.046804274064047816
[ 0.1  -0.01],0.10000000149011612,0.024400000404566528,0.04680427406404781
[0.2  0.09],0.20000000298023224,0.02540000041946769,0.04940485885049247
[ 0.   -0.01],0.0,0.02540000041946769,0.049404858850492464
[-0.01  0.  ],0.0,0.024400000404566528,0.04889417221533629
[ 0.1  -0.01],0.10000000149011612,0.02540000041946769,0.049404858850492464
[0.   0.09],0.09000000171363354,0.025300000421702863,0.04926367909639094
[-0.01  0.1 ],0.10000000149011612,0.026300000436604024,0.04975248817361009
[-0.01  0.  ],0.0,0.026300000436604024,0.04975248817361009
[0.2  0.09],0.20000000298023224,0.028300000466406346,0.0525938217659918
[-0.01  0.1 ],0.10000000149011612,0.028300000466406346,0.0525938217659918
[ 0.   -0.01],0.0,0.028300000466406346,0.0525938217659918
[-0.01  0.  ],0.0,0.027300000451505185,0.05217001137357646
[0.2  0.09],0.20000000298023224,0.029300000481307507,0.05484988691955151
[-0.01  0.  ],0.0,0.029300000481307507,0.05484988691955151
[ 0.1  -0.01],0.10000000149011612,0.03030000049620867,0.05521693667890492
[ 0.   -0.01],0.0,0.03030000049620867,0.05521693667890492
[ 0.1  -0.01],0.10000000149011612,0.03130000051110983,0.055563568075288304
[ 0.   -0.01],0.0,0.03130000051110983,0.05556356807528831
[0.   0.09],0.09000000171363354,0.031200000513345004,0.05544871592132907
[-0.01  0.  ],0.0,0.031200000513345004,0.05544871592132907
[ 0.   -0.01],0.0,0.031200000513345004,0.05544871592132907
[0.   0.09],0.09000000171363354,0.032100000530481336,0.055664980898089064
[0.   0.09],0.09000000171363354,0.033000000547617675,0.055865911783334346
[-0.01  0.  ],0.0,0.03210000051185489,0.055664980878714736
[-0.01  0.  ],0.0,0.03210000051185489,0.055664980878714736
[ 0.   -0.01],0.0,0.03210000051185489,0.055664980878714736
[-0.01  0.  ],0.0,0.031200000494718553,0.05544871590157686
[0.2  0.09],0.20000000298023224,0.03230000050738454,0.05765162705478109
[ 0.1  -0.01],0.10000000149011612,0.0333000005222857,0.057949202781717474
[ 0.1  -0.01],0.10000000149011612,0.03430000053718686,0.05822808689927958
[ 0.   -0.01],0.0,0.03430000053718686,0.05822808689927958
[-0.01  0.  ],0.0,0.03230000050738454,0.055890160995501724
[-0.01  0.  ],0.0,0.03230000050738454,0.055890160995501724
[-0.01  0.  ],0.0,0.03230000050738454,0.05589016099550172
[ 0.   -0.01],0.0,0.03230000050738454,0.05589016099550172
[-0.01  0.  ],0.0,0.03230000050738454,0.05589016099550172
[-0.01  0.1 ],0.10000000149011612,0.0333000005222857,0.05619706484395914
[0.09 0.1 ],0.10000000149011612,0.03430000053718686,0.056484600538461716
[-0.01  0.  ],0.0,0.0333000005222857,0.05619706484395914
[ 0.1  -0.01],0.10000000149011612,0.03430000053718686,0.056484600538461716
[ 0.1  -0.01],0.10000000149011612,0.03530000055208802,0.056753062462244507
[ 0.1  -0.01],0.10000000149011612,0.03530000055208802,0.056753062462244507
[0.   0.09],0.09000000171363354,0.03620000056922436,0.056899561507040966
[ 0.   -0.01],0.0,0.03620000056922436,0.056899561507040966
[0.   0.09],0.09000000171363354,0.03710000058636069,0.057031483414706624
[0.   0.09],0.09000000171363354,0.037000000588595865,0.056929782192962367
[ 0.1  -0.01],0.10000000149011612,0.03800000060349703,0.057148929134400124
[ 0.1  -0.01],0.10000000149011612,0.03900000061839819,0.057349804723465576
[-0.01  0.  ],0.0,0.03900000061839819,0.057349804723465576
[ 0.   -0.01],0.0,0.03900000061839819,0.057349804723465576
[ 0.   -0.01],0.0,0.03900000061839819,0.05734980472346558
[ 0.   -0.01],0.0,0.03900000061839819,0.05734980472346558
[ 0.   -0.01],0.0,0.03900000061839819,0.05734980472346559
[-0.01  0.  ],0.0,0.03900000061839819,0.05734980472346559
[-0.01  0.  ],0.0,0.03900000061839819,0.05734980472346559
[-0.01  0.  ],0.0,0.03800000060349703,0.057148929134400124
[ 0.   -0.01],0.0,0.03800000060349703,0.057148929134400124
[-0.01  0.  ],0.0,0.03710000058636069,0.05703148341470663
[ 0.1  -0.01],0.10000000149011612,0.038100000601261855,0.05724849431342279
[ 0.1  -0.01],0.10000000149011612,0.038100000601261855,0.05724849431342279
[ 0.1  -0.01],0.10000000149011612,0.03910000061616301,0.05744728106504639
[-0.01  0.  ],0.0,0.03910000061616301,0.05744728106504639
[0.   0.09],0.09000000171363354,0.04000000063329935,0.05753260034424812
[-0.01  0.1 ],0.10000000149011612,0.04100000064820051,0.05769748783840348
[ 0.1  -0.01],0.10000000149011612,0.04200000066310167,0.057844620348783085
[0.   0.09],0.09000000171363354,0.04190000066533685,0.05775283632294151
[ 0.1  -0.01],0.10000000149011612,0.042900000680238005,0.05788428200915607
[0.   0.09],0.09000000171363354,0.04280000068247318,0.057794118245410885
[ 0.1  -0.01],0.10000000149011612,0.043800000697374344,0.05790993096243924
[0.   0.09],0.09000000171363354,0.044700000714510676,0.05792158582404109
[0.   0.09],0.09000000171363354,0.045600000731647015,0.05791925504188866
[-0.01  0.  ],0.0,0.045600000731647015,0.05791925504188866
[ 0.1  -0.01],0.10000000149011612,0.04660000074654817,0.057986551067773416
[0.   0.09],0.09000000171363354,0.04750000076368451,0.0579547246119615
[-0.01  0.1 ],0.10000000149011612,0.04850000077858567,0.05798922404081422
[ 0.   -0.01],0.0,0.04850000077858567,0.05798922404081422
[ 0.1  -0.01],0.10000000149011612,0.049500000793486834,0.058006466060290154
[0.   0.09],0.09000000171363354,0.050400000810623166,0.05792961336598505
[-0.01  0.1 ],0.10000000149011612,0.05140000082552433,0.057914075185222985
[0.   0.09],0.09000000171363354,0.05230000084266066,0.057807526364356716
[0.   0.09],0.09000000171363354,0.053200000859797,0.0576867411465602
[ 0.1  -0.01],0.10000000149011612,0.05420000087469816,0.0576225659247798
[-0.01  0.  ],0.0,0.05420000087469816,0.0576225659247798
[ 0.1  -0.01],0.10000000149011612,0.055200000889599324,0.057540942843694716
[0.   0.09],0.09000000171363354,0.056100000906735656,0.05737412398374295
[0.   0.09],0.09000000171363354,0.057000000923871995,0.05719265776654185
[-0.01  0.  ],0.0,0.05500000089406967,0.055632725058670236
[0.   0.09],0.09000000171363354,0.05500000089406967,0.05563272505867023
[0.1  0.09],0.10000000149011612,0.05600000090897083,0.055533774380792426
[0.   0.09],0.09000000171363354,0.05690000092610717,0.05534790056068103
[-0.01  0.  ],0.0,0.05600000090897083,0.055533774380792426
[-0.01  0.  ],0.0,0.05600000090897083,0.05553377438079243
[-0.01  0.  ],0.0,0.05600000090897083,0.05553377438079243
[-0.01  0.  ],0.0,0.05500000089406967,0.05563272505867023
[ 0.1  -0.01],0.10000000149011612,0.05600000090897083,0.05553377438079243
[-0.01  0.  ],0.0,0.05600000090897083,0.05553377438079243
[ 0.   -0.01],0.0,0.05600000090897083,0.05553377438079243
[ 0.1  -0.01],0.10000000149011612,0.057000000923871995,0.055416604880128804
[-0.01  0.1 ],0.10000000149011612,0.05800000093877315,0.055281100711222005
[ 0.1  -0.01],0.10000000149011612,0.05900000095367432,0.05512712667270642
[-0.01  0.  ],0.0,0.05800000093877315,0.055281100711222005
[-0.01  0.  ],0.0,0.05600000090897083,0.05370288717579618
[ 0.1  -0.01],0.10000000149011612,0.057000000923871995,0.053581714142791774
[-0.01  0.  ],0.0,0.057000000923871995,0.053581714142791774
[ 0.   -0.01],0.0,0.05600000090897083,0.05370288717579618
[ 0.   -0.01],0.0,0.0551000008918345,0.05387940322104843
[ 0.   -0.01],0.0,0.054100000876933334,0.05396471154256333
[0.   0.09],0.09000000357627869,0.05500000091269612,0.05380520507160048
[-0.01  0.  ],0.0,0.0530000008828938,0.05206726502982352
[ 0.   -0.01],0.0,0.05200000086799264,0.05211525772766704
[ 0.   -0.01],0.0,0.05200000086799264,0.052115257727667036
[-0.01  0.  ],0.0,0.05200000086799264,0.052115257727667036
[ 0.   -0.01],0.0,0.05000000083819032,0.05019960241428645
[-0.01  0.  ],0.0,0.05000000083819032,0.05019960241428645
[ 0.   -0.01],0.0,0.049000000823289154,0.050189641189282236
[ 0.   -0.01],0.0,0.049000000823289154,0.050189641189282236
[ 0.1  -0.01],0.10000000149011612,0.049000000823289154,0.050189641189282236
[-0.01  0.  ],0.0,0.049000000823289154,0.050189641189282236
[-0.01  0.  ],0.0,0.04810000080615282,0.05025325942418851
[ 0.1  -0.01],0.10000000149011612,0.04910000082105398,0.05028111059492843
[ 0.1  -0.01],0.10000000149011612,0.050100000835955144,0.050289065237926735
[-0.01  0.1 ],0.10000000149011612,0.05020000083371997,0.05037817069383687
[ 0.   -0.01],0.0,0.04930000081658363,0.05046295752889601
[ 0.1  -0.01],0.10000000149011612,0.050300000831484795,0.0504669206749448
[ 0.1  -0.01],0.10000000149011612,0.05130000084638595,0.05045106621469534
[ 0.   -0.01],0.0,0.05130000084638595,0.05045106621469534
[0.   0.09],0.09000000171363354,0.05220000086352229,0.05033050846128605
[ 0.   -0.01],0.0,0.05020000083371997,0.04835245677829514
[-0.01  0.  ],0.0,0.049200000818818805,0.04834625194004579
[ 0.   -0.01],0.0,0.04820000080391765,0.04831935509445732
[-0.01  0.  ],0.0,0.04820000080391765,0.04831935509445732
[-0.01  0.  ],0.0,0.04820000080391765,0.04831935509445732
[ 0.   -0.01],0.0,0.04820000080391765,0.04831935509445732
[-0.01  0.  ],0.0,0.04820000080391765,0.04831935509445732
[ 0.   -0.01],0.0,0.04820000080391765,0.04831935509445732
[ 0.1  -0.01],0.10000000149011612,0.049200000818818805,0.04834625194004579
[0.   0.09],0.09000000171363354,0.04910000082105398,0.048251322020219915
[ 0.1  -0.01],0.10000000149011612,0.04910000082105398,0.04825132202021991
[ 0.1  -0.01],0.10000000149011612,0.050100000835955144,0.04825961123490311
[ 0.   -0.01],0.0,0.04910000082105398,0.048251322020219915
[ 0.1  -0.01],0.10000000149011612,0.04910000082105398,0.04825132202021991
[ 0.   -0.01],0.0,0.04810000080615282,0.04822229854324996
[ 0.   -0.01],0.0,0.04720000078901648,0.048271731652992644
[ 0.   -0.01],0.0,0.04720000078901648,0.048271731652992644
[ 0.   -0.01],0.0,0.04630000077188015,0.048304348424350434
[-0.01  0.  ],0.0,0.04540000075474381,0.04832018291109699
[ 0.   -0.01],0.0,0.044400000739842654,0.04821452142678954
[-0.01  0.  ],0.0,0.04340000072494149,0.04808783709221305
[-0.01  0.  ],0.0,0.04340000072494149,0.04808783709221305
[-0.01  0.  ],0.0,0.04340000072494149,0.04808783709221305
[ 0.   -0.01],0.0,0.04340000072494149,0.04808783709221305
[ 0.1  -0.01],0.10000000149011612,0.044400000739842654,0.048214521426789544
[-0.01  0.  ],0.0,0.044400000739842654,0.048214521426789544
[ 0.   -0.01],0.0,0.044400000739842654,0.048214521426789544
[ 0.   -0.01],0.0,0.044400000739842654,0.04821452142678954
[ 0.   -0.01],0.0,0.044400000739842654,0.048214521426789544
[ 0.1  -0.01],0.10000000149011612,0.04540000075474381,0.04832018291109699
[ 0.   -0.01],0.0,0.04540000075474381,0.04832018291109699
[ 0.1  -0.01],0.10000000149011612,0.04540000075474381,0.04832018291109699
[ 0.   -0.01],0.0,0.044400000739842654,0.048214521426789544
[ 0.   -0.01],0.0,0.04340000072494149,0.04808783709221305
[ 0.   -0.01],0.0,0.04340000072494149,0.04808783709221305
[ 0.1  -0.01],0.10000000149011612,0.043500000722706315,0.04819491753444946
[ 0.   -0.01],0.0,0.04250000070780516,0.048049454480609495
[ 0.1  -0.01],0.10000000149011612,0.04250000070780516,0.048049454480609495
[ 0.   -0.01],0.0,0.04160000069066882,0.04799416709871541
[-0.01  0.  ],0.0,0.04060000067576766,0.0478083682540044
[-0.01  0.  ],0.0,0.03970000065863132,0.04771697889224508
[ 0.   -0.01],0.0,0.038700000643730165,0.04749010501244805
[ 0.   -0.01],0.0,0.037800000626593826,0.047362010868026105
[ 0.   -0.01],0.0,0.036900000609457494,0.04721641740720079
[-0.01  0.  ],0.0,0.036900000609457494,0.04721641740720079
[ 0.   -0.01],0.0,0.03590000059455633,0.04692749803771344
[ 0.   -0.01],0.0,0.03500000057742,0.04674398433236948
[-0.01  0.  ],0.0,0.03400000056251883,0.046411206302494346
[ 0.1  -0.01],0.10000000149011612,0.03500000057742,0.04674398433236948
[ 0.1  -0.01],0.10000000149011612,0.03500000057742,0.04674398433236948
[-0.01  0.  ],0.0,0.03410000056028366,0.046542347065745594
[ 0.   -0.01],0.0,0.0331000005453825,0.046188635718270664
[ 0.   -0.01],0.0,0.03220000052824616,0.045947361932061316
[ 0.   -0.01],0.0,0.03130000051110983,0.045687088629665105
[ 0.   -0.01],0.0,0.03030000049620867,0.045264887787333265
[ 0.1  -0.01],0.10000000149011612,0.03130000051110983,0.045687088629665105
[ 0.1  -0.01],0.10000000149011612,0.03130000051110983,0.045687088629665105
[-0.01  0.  ],0.0,0.030400000493973494,0.04540748909962124
[ 0.   -0.01],0.0,0.02950000047683716,0.04510820396721507
[ 0.   -0.01],0.0,0.02950000047683716,0.04510820396721507
[-0.01  0.  ],0.0,0.028600000459700823,0.04478883860853999
[ 0.1  -0.01],0.10000000149011612,0.028600000459700823,0.04478883860853999
[-0.01  0.  ],0.0,0.027700000442564487,0.0444489601969958
[ 0.   -0.01],0.0,0.027700000442564487,0.0444489601969958
[-0.01  0.  ],0.0,0.027700000442564487,0.0444489601969958
[ 0.   -0.01],0.0,0.027700000442564487,0.0444489601969958
[ 0.   -0.01],0.0,0.027700000442564487,0.0444489601969958
[-0.01  0.  ],0.0,0.026700000427663326,0.04393301789423003
[ 0.   -0.01],0.0,0.026700000427663326,0.04393301789423002
[ 0.   -0.01],0.0,0.026700000427663326,0.04393301789423002
[ 0.1  -0.01],0.10000000149011612,0.026700000427663326,0.04393301789423003
[ 0.   -0.01],0.0,0.025700000412762165,0.04338790223018105
[ 0.   -0.01],0.0,0.024700000397861004,0.04281249885859454
[-0.01  0.  ],0.0,0.024700000397861004,0.04281249885859454
[ 0.   -0.01],0.0,0.024700000397861004,0.04281249885859454
[-0.01  0.  ],0.0,0.023700000382959843,0.04220556902873083
[ 0.   -0.01],0.0,0.023700000382959843,0.04220556902873083
[ 0.   -0.01],0.0,0.023700000382959843,0.04220556902873083
[ 0.1  -0.01],0.10000000149011612,0.024700000397861004,0.04281249885859454
[ 0.   -0.01],0.0,0.024700000397861004,0.04281249885859454
[ 0.   -0.01],0.0,0.023800000362098218,0.042374049304949785
[ 0.   -0.01],0.0,0.023800000362098218,0.042374049304949785
[ 0.   -0.01],0.0,0.023800000362098218,0.042374049304949785
[ 0.   -0.01],0.0,0.023800000362098218,0.042374049304949785
[-0.01  0.  ],0.0,0.023800000362098218,0.042374049304949785
[ 0.   -0.01],0.0,0.023800000362098218,0.042374049304949785
[-0.01  0.  ],0.0,0.023800000362098218,0.042374049304949785
[ 0.   -0.01],0.0,0.023800000362098218,0.042374049304949785
[ 0.   -0.01],0.0,0.023800000362098218,0.042374049304949785
[-0.01  0.  ],0.0,0.022800000347197057,0.041739190851306306
[-0.01  0.  ],0.0,0.022800000347197057,0.041739190851306306
[-0.01  0.  ],0.0,0.022800000347197057,0.041739190851306306
[-0.01  0.  ],0.0,0.021800000332295896,0.04107018445643536
[-0.01  0.  ],0.0,0.020800000317394735,0.040365332273993144
[-0.01  0.  ],0.0,0.019800000302493573,0.03962272135826255
[-0.01  0.  ],0.0,0.019800000302493573,0.03962272135826255
[ 0.   -0.01],0.0,0.018800000287592412,0.03884018596788067
[ 0.   -0.01],0.0,0.01780000027269125,0.03801526067443163
[ 0.   -0.01],0.0,0.01780000027269125,0.03801526067443163
[ 0.1  -0.01],0.10000000149011612,0.017900000270456077,0.03821766664863466
[ 0.   -0.01],0.0,0.017900000270456077,0.03821766664863466
[ 0.1  -0.01],0.10000000149011612,0.018900000285357238,0.03903575343120992
[0.   0.09],0.09000000171363354,0.019800000302493573,0.03962272135826255
[-0.01  0.  ],0.0,0.019800000302493573,0.03962272135826255
[-0.01  0.  ],0.0,0.019800000302493573,0.03962272135826255
[-0.01  0.  ],0.0,0.019800000302493573,0.03962272135826255
[0.   0.09],0.09000000171363354,0.02070000031962991,0.04018096626096893
[-0.01  0.1 ],0.10000000149011612,0.02170000033453107,0.0408914422753635
[ 0.   -0.01],0.0,0.02070000031962991,0.04018096626096893
[-0.01  0.  ],0.0,0.019800000302493573,0.03962272135826255
[0.   0.09],0.09000000171363354,0.019700000304728748,0.03943234773521933
[0.   0.09],0.09000000171363354,0.01960000030696392,0.03924079571044517
[-0.01  0.  ],0.0,0.01960000030696392,0.03924079571044517
[-0.01  0.  ],0.0,0.018600000292062758,0.03844528639738441
[-0.01  0.1 ],0.10000000149011612,0.01960000030696392,0.03924079571044517
[-0.01  0.  ],0.0,0.01960000030696392,0.03924079571044517
[0.   0.09],0.09000000171363354,0.020500000324100254,0.03980891922444401
[ 0.1  -0.01],0.10000000149011612,0.021500000339001415,0.040530853081443885
[-0.01  0.  ],0.0,0.021500000339001415,0.040530853081443885
[-0.01  0.  ],0.0,0.021500000339001415,0.04053085308144389
[ 0.   -0.01],0.0,0.021500000339001415,0.040530853081443885
[ 0.   -0.01],0.0,0.021500000339001415,0.040530853081443885
[-0.01  0.  ],0.0,0.021500000339001415,0.040530853081443885
[-0.01  0.  ],0.0,0.021500000339001415,0.040530853081443885
[-0.01  0.  ],0.0,0.020500000324100254,0.03980891922444401
[ 0.   -0.01],0.0,0.020500000324100254,0.03980891922444401
[-0.01  0.  ],0.0,0.020500000324100254,0.03980891922444401
[ 0.   -0.01],0.0,0.020500000324100254,0.03980891922444401
[0.   0.09],0.09000000171363354,0.02140000034123659,0.04034897832146475
[-0.01  0.  ],0.0,0.02040000032633543,0.039621207072680666
[0.   0.09],0.09000000171363354,0.021300000343471764,0.04016603106685262
[-0.01  0.  ],0.0,0.020300000328570603,0.03943234776138834
[-0.01  0.  ],0.0,0.020300000328570603,0.03943234776138834
[ 0.   -0.01],0.0,0.020300000328570603,0.03943234776138834
[ 0.1  -0.01],0.10000000149011612,0.021300000343471764,0.040166031066852605
[0.   0.09],0.09000000171363354,0.02120000034570694,0.03998199659523772
[-0.01  0.  ],0.0,0.02120000034570694,0.03998199659523772
[ 0.   -0.01],0.0,0.020200000330805778,0.03924232472796164
[-0.01  0.  ],0.0,0.020200000330805778,0.03924232472796164
[ 0.   -0.01],0.0,0.020200000330805778,0.03924232472796164
[ 0.   -0.01],0.0,0.020200000330805778,0.03924232472796164
[0.   0.09],0.09000000171363354,0.021100000347942113,0.039796859823618316
[ 0.   -0.01],0.0,0.021100000347942113,0.039796859823618316
[-0.01  0.  ],0.0,0.021100000347942113,0.039796859823618316
[0.   0.09],0.09000000171363354,0.02200000036507845,0.04032369097100328
[0.   0.09],0.09000000171363354,0.022900000382214784,0.04082389074019681
[0.   0.09],0.09000000171363354,0.02380000039935112,0.04129842680718468
[-0.01  0.  ],0.0,0.02380000039935112,0.04129842680718468
[-0.01  0.  ],0.0,0.02280000038444996,0.04064677176906369
[-0.01  0.  ],0.0,0.021800000369548798,0.03995948014782865
[-0.01  0.  ],0.0,0.021800000369548798,0.03995948014782865
[ 0.   -0.01],0.0,0.021800000369548798,0.03995948014782865
[-0.01  0.  ],0.0,0.021800000369548798,0.03995948014782865
[ 0.   -0.01],0.0,0.021800000369548798,0.03995948014782865
[-0.01  0.  ],0.0,0.021800000369548798,0.03995948014782865
[-0.01  0.  ],0.0,0.020800000354647637,0.039234679201740216
[-0.01  0.  ],0.0,0.019800000339746476,0.03847024889941076
[-0.01  0.  ],0.0,0.019800000339746476,0.03847024889941076
[-0.01  0.1 ],0.10000000149011612,0.020800000354647637,0.039234679201740216
[-0.01  0.  ],0.0,0.020800000354647637,0.039234679201740216
[0.   0.09],0.09000000171363354,0.021700000371783972,0.03977574705478105
[-0.01  0.  ],0.0,0.02070000035688281,0.03904497473614455
[-0.01  0.  ],0.0,0.02070000035688281,0.03904497473614456
[-0.01  0.  ],0.0,0.02070000035688281,0.03904497473614456
[0.   0.09],0.09000000171363354,0.021600000374019147,0.03959090872723217
[0.   0.09],0.09000000171363354,0.022500000391155482,0.04010922656307647
[0.   0.09],0.09000000171363354,0.023400000408291818,0.04060098591249576
[0.   0.09],0.09000000171363354,0.024300000425428153,0.04106714086205014
[0.   0.09],0.09000000171363354,0.02520000044256449,0.041508554058634316
[0.   0.09],0.09000000171363354,0.026100000459700824,0.04192600698172883
[ 0.1  -0.01],0.10000000149011612,0.026100000459700824,0.04192600698172883
[0.   0.09],0.09000000171363354,0.02700000047683716,0.042320208680531
[-0.01  0.  ],0.0,0.02700000047683716,0.042320208680531005
[0.09 0.1 ],0.10000000149011612,0.02800000049173832,0.04284857131755719
[0.   0.09],0.09000000171363354,0.028900000508874656,0.043194792106974134
[0.   0.09],0.09000000171363354,0.029800000526010992,0.04351965149575483
[0.   0.09],0.09000000171363354,0.030700000543147324,0.04382362453514663
[-0.01  0.  ],0.0,0.030700000543147324,0.04382362453514663
[-0.01  0.  ],0.0,0.029700000528246163,0.04336946006568097
[ 0.1  -0.01],0.10000000149011612,0.030700000543147324,0.04382362453514663
[0.   0.09],0.09000000171363354,0.03160000056028366,0.04410714305440066
[-0.01  0.  ],0.0,0.03160000056028366,0.04410714305440066
[-0.01  0.  ],0.0,0.03160000056028366,0.04410714305440066
[ 0.   -0.01],0.0,0.03160000056028366,0.04410714305440066
[-0.01  0.  ],0.0,0.03160000056028366,0.04410714305440066
[-0.01  0.  ],0.0,0.03160000056028366,0.04410714305440066
[-0.01  0.  ],0.0,0.03160000056028366,0.04410714305440066
[0.   0.09],0.09000000171363354,0.032500000577419995,0.04437059915511094
[-0.01  0.  ],0.0,0.032500000577419995,0.04437059915511094
[0.   0.09],0.09000000171363354,0.033400000594556334,0.044614348255735056
[0.   0.09],0.09000000171363354,0.034300000611692666,0.044838711746913465
[0.   0.09],0.09000000171363354,0.035200000628829005,0.04504397930800399
[-0.01  0.  ],0.0,0.035200000628829005,0.04504397930800399
[0.   0.09],0.09000000171363354,0.03610000064596534,0.04523041092688962
[0.   0.09],0.09000000171363354,0.037000000663101676,0.045398238658223414
[-0.01  0.  ],0.0,0.037000000663101676,0.045398238658223414
[0.   0.09],0.09000000171363354,0.03790000068023801,0.045547668149544536
[-0.01  0.  ],0.0,0.03790000068023801,0.04554766814954453
[0.   0.09],0.09000000171363354,0.03880000069737435,0.04567887995990451
[0.   0.09],0.09000000171363354,0.03870000069960952,0.04555557127796935
[-0.01  0.  ],0.0,0.03870000069960952,0.04555557127796935
[-0.01  0.  ],0.0,0.03770000068470836,0.04529580636223049
[0.   0.09],0.09000000171363354,0.03770000068470836,0.04529580636223049
[-0.01  0.  ],0.0,0.03770000068470836,0.04529580636223049
[0.   0.09],0.09000000171363354,0.03860000070184469,0.04543170781000667
[0.   0.09],0.09000000171363354,0.03950000071898103,0.04554942452985844
[ 0.   -0.01],0.0,0.03860000070184469,0.04543170781000667
[-0.01  0.  ],0.0,0.03760000068694353,0.045169016749070874
[-0.01  0.  ],0.0,0.03760000068694353,0.045169016749070874
[-0.01  0.  ],0.0,0.03760000068694353,0.04516901674907088
[ 0.   -0.01],0.0,0.03670000066980719,0.04501233245997824
[0.   0.09],0.09000000171363354,0.03670000066980719,0.04501233245997824
[-0.01  0.  ],0.0,0.03670000066980719,0.04501233245997824
[ 0.1  -0.01],0.10000000149011612,0.03770000068470836,0.04529580636223049
[0.   0.09],0.09000000171363354,0.03760000068694353,0.045169016749070874
[0.   0.09],0.09000000171363354,0.03850000070407986,0.045307285005905945
[-0.01  0.1 ],0.10000000149011612,0.03860000070184469,0.04543170781000667
[-0.01  0.  ],0.0,0.03760000068694353,0.045169016749070874
[0.   0.09],0.09000000171363354,0.03850000070407986,0.045307285005905945
[0.   0.09],0.09000000171363354,0.0394000007212162,0.04542730539084663
[0.09 0.1 ],0.10000000149011612,0.04040000073611736,0.04564909720254092
[-0.01  0.  ],0.0,0.04040000073611736,0.04564909720254092
[-0.01  0.  ],0.0,0.04040000073611736,0.04564909720254092
[0.   0.09],0.09000000171363354,0.0413000007532537,0.04573084381192957
[0.19 0.3 ],0.30000000447034836,0.04430000079795718,0.0522925433890238
[ 0.1  -0.01],0.10000000149011612,0.04530000081285834,0.052391889583476646
[0.   0.09],0.09000000171363354,0.046200000829994675,0.05237900432582895
[-0.01  0.1 ],0.10000000149011612,0.04720000084489584,0.0524419688234412
[0.   0.09],0.09000000171363354,0.04720000084489584,0.0524419688234412
[ 0.1  -0.01],0.10000000149011612,0.048200000859797004,0.05248580850032463
[ 0.1  -0.01],0.10000000149011612,0.04830000085756183,0.05257480474402543
[-0.01  0.  ],0.0,0.04830000085756183,0.052574804744025434
[0.09 0.1 ],0.10000000149011612,0.04930000087246299,0.052597624410882414
[-0.01  0.  ],0.0,0.04930000087246299,0.052597624410882414
[-0.01  0.1 ],0.10000000149011612,0.04930000087246299,0.052597624410882414
[ 0.1  -0.01],0.10000000149011612,0.04940000087022781,0.05268434391363613
[-0.01  0.1 ],0.10000000149011612,0.05040000088512898,0.05268624197404885
[0.09 0.1 ],0.10000000149011612,0.051400000900030135,0.05266915694242847
[0.   0.09],0.09000000171363354,0.052300000917166474,0.05255197515506137
[-0.01  0.  ],0.0,0.052300000917166474,0.05255197515506137
[ 0.1  -0.01],0.10000000149011612,0.05330000093206763,0.0524986675283823
[-0.01  0.  ],0.0,0.0524000009149313,0.05263307033267859
[-0.01  0.  ],0.0,0.0524000009149313,0.0526330703326786
[ 0.1  -0.01],0.10000000149011612,0.05340000092983246,0.05257794301989777
[0.   0.09],0.09000000171363354,0.05340000092983246,0.05257794301989778
[0.1  0.09],0.10000000149011612,0.05350000092759728,0.05265690925370104
[0.   0.09],0.09000000171363354,0.05350000092759728,0.05265690925370104
[0.   0.09],0.09000000171363354,0.05440000094473362,0.052503715027633416
[0.1  0.09],0.10000000149011612,0.05540000095963478,0.05241030519986174
[0.1  0.09],0.10000000149011612,0.056400000974535944,0.05229761075348248
[ 0.1  -0.01],0.10000000149011612,0.0574000009894371,0.052165506705516375
[0.   0.09],0.09000000171363354,0.05830000100657344,0.05194333536796353
[-0.01  0.1 ],0.10000000149011612,0.0593000010214746,0.051773642795813965
[-0.01  0.  ],0.0,0.0593000010214746,0.051773642795813965
[0.   0.09],0.09000000171363354,0.06020000103861094,0.05151660011618789
[-0.01  0.1 ],0.10000000149011612,0.061200001053512094,0.05130847967549144
[ 0.1  -0.01],0.10000000149011612,0.06220000106841326,0.05107993819132735
[ 0.   -0.01],0.0,0.06220000106841326,0.05107993819132735
[-0.01  0.  ],0.0,0.061200001053512094,0.05130847967549144
[0.   0.09],0.09000000171363354,0.06210000107064843,0.051015586693384254
[-0.01  0.1 ],0.10000000149011612,0.06220000106841326,0.05107993819132734
[-0.01  0.  ],0.0,0.06220000106841326,0.05107993819132734
[-0.01  0.1 ],0.10000000149011612,0.06320000108331442,0.05083070021738556
[-0.01  0.1 ],0.10000000149011612,0.06420000109821558,0.05056045968432264
[ 0.1  -0.01],0.10000000149011612,0.0643000010959804,0.05062124142544813
[0.09 0.2 ],0.20000000298023224,0.0654000011086464,0.05233392865266306
[0.   0.09],0.09000000171363354,0.0654000011086464,0.05233392865266306
[ 0.1  -0.01],0.10000000149011612,0.06550000110641122,0.052390362550652374
[-0.01  0.  ],0.0,0.06460000108927488,0.05273367130505719
[ 0.1  -0.01],0.10000000149011612,0.06470000108703972,0.05279119329279156
[ 0.1  -0.01],0.10000000149011612,0.06470000108703972,0.05279119329279157
[ 0.1  -0.01],0.10000000149011612,0.06480000108480453,0.05284846345207061
[ 0.1  -0.01],0.10000000149011612,0.0658000010997057,0.05255815910108033
[-0.01  0.1 ],0.10000000149011612,0.0658000010997057,0.05255815910108033
[-0.01  0.1 ],0.10000000149011612,0.06590000109747052,0.05261359223684333
[-0.01  0.1 ],0.10000000149011612,0.06600000109523535,0.05266877716480668
[0.1  0.19],0.19000000320374966,0.06700000111013651,0.05404627732729188
[ 0.1  -0.01],0.10000000149011612,0.06800000112503767,0.05372150492746777
[0.2  0.09],0.20000000298023224,0.07000000115484,0.05486346776244096
[ 0.1  -0.01],0.10000000149011612,0.07000000115484,0.05486346776244096
[ 0.1  -0.01],0.10000000149011612,0.07010000115260481,0.05490892545751094
[0.   0.09],0.09000000171363354,0.07100000116974116,0.05448853176105028
[0.09 0.  ],0.09000000357627869,0.07190000120550394,0.05404988522341248
[-0.01  0.1 ],0.10000000149011612,0.0729000012204051,0.05363385209977649
[ 0.1  -0.01],0.10000000149011612,0.07390000123530627,0.05319577134883682
[-0.01  0.1 ],0.10000000149011612,0.07490000125020742,0.05273509351158065
[ 0.1  -0.01],0.10000000149011612,0.07590000126510858,0.052251220903371975
[-0.01  0.1 ],0.10000000149011612,0.07600000126287342,0.052287666670787596
[-0.01  0.1 ],0.10000000149011612,0.07700000127777457,0.05177837467548686
[0.09 0.1 ],0.10000000149011612,0.0771000012755394,0.05181303006020686
[0.1  0.09],0.10000000149011612,0.07720000127330423,0.05184746940792381
[-0.01  0.1 ],0.10000000149011612,0.07730000127106905,0.051881693148857266
[ 0.   -0.01],0.0,0.07730000127106905,0.05188169314885727
[-0.01  0.1 ],0.10000000149011612,0.07740000126883388,0.05191570170940258
[-0.01  0.  ],0.0,0.07650000125169754,0.05246665689560263
[ 0.1  -0.01],0.10000000149011612,0.0775000012665987,0.051949495512161076
[0.09 0.2 ],0.20000000298023224,0.07860000127926468,0.05334829039460235
[-0.01  0.1 ],0.10000000149011612,0.07960000129416585,0.052800000815116085
[0.1  0.09],0.10000000149011612,0.07970000129193068,0.052829064785110534
[-0.01  0.1 ],0.10000000149011612,0.0798000012896955,0.05285792358827052
[ 0.1  -0.01],0.10000000149011612,0.08080000130459666,0.052281546305137705
[-0.01  0.  ],0.0,0.08080000130459666,0.05228154630513771
[-0.01  0.1 ],0.10000000149011612,0.08090000130236148,0.05230860430228169
[-0.01  0.  ],0.0,0.08090000130236148,0.05230860430228169
[-0.01  0.1 ],0.10000000149011612,0.08100000130012631,0.052335457235511
[ 0.1  -0.01],0.10000000149011612,0.08110000129789113,0.052362105420315296
[ 0.1  -0.01],0.10000000149011612,0.0821000013127923,0.05175509715946722
[0.2  0.19],0.20000000298023224,0.08410000134259463,0.05240410369086472
[ 0.1  -0.01],0.10000000149011612,0.08510000135749579,0.05173963743013442
[-0.01  0.1 ],0.10000000149011612,0.08610000137239694,0.05104693995824849
[ 0.1  -0.01],0.10000000149011612,0.0871000013872981,0.05032484552127987
[-0.01  0.  ],0.0,0.08620000137016177,0.051064273999613316
[-0.01  0.  ],0.0,0.08620000137016177,0.05106427399961331
[-0.01  0.  ],0.0,0.08520000135526061,0.05175867155759344
[-0.01  0.1 ],0.10000000149011612,0.08530000135302544,0.051777505554176644
[ 0.1  -0.01],0.10000000149011612,0.08540000135079026,0.05179613963819742
[ 0.   -0.01],0.0,0.0844000013358891,0.05246560857987175
[ 0.1  -0.01],0.10000000149011612,0.08540000135079026,0.05179613963819742
[-0.01  0.1 ],0.10000000149011612,0.0855000013485551,0.051814574025339594
[-0.01  0.  ],0.0,0.08460000133141875,0.05250561954371859
[-0.01  0.  ],0.0,0.0836000013165176,0.05315110615823346
[-0.01  0.  ],0.0,0.0836000013165176,0.05315110615823346
[0.2  0.09],0.20000000298023224,0.08560000134631991,0.05372746120371316
[0.1  0.09],0.10000000149011612,0.08570000134408474,0.053744861032530726
[ 0.1  -0.01],0.10000000149011612,0.08370000131428242,0.04926773867278089
[ 0.1  -0.01],0.10000000149011612,0.08370000131428242,0.04926773867278089
[-0.01  0.  ],0.0,0.08280000129714608,0.04996158600413297
[0.1  0.09],0.10000000149011612,0.08280000129714608,0.04996158600413297
[0.2  0.09],0.20000000298023224,0.08390000130981207,0.05130097542840379
[0.   0.09],0.09000000171363354,0.08380000131204725,0.05127923634276689
[ 0.1  -0.01],0.10000000149011612,0.08380000131204725,0.05127923634276689
[-0.01  0.  ],0.0,0.08380000131204725,0.05127923634276689
[0.1  0.09],0.10000000149011612,0.08380000131204725,0.05127923634276689
[0.1  0.09],0.10000000149011612,0.0848000013269484,0.05060592927440663
[0.2  0.09],0.20000000298023224,0.08580000134184956,0.05186868112315953
[-0.01  0.  ],0.0,0.0848000013269484,0.052544838792089855
[-0.01  0.1 ],0.10000000149011612,0.0848000013269484,0.052544838792089855
[0.1  0.09],0.10000000149011612,0.0848000013269484,0.052544838792089855
[-0.01  0.  ],0.0,0.08390000130981207,0.053214566481990196
[-0.01  0.1 ],0.10000000149011612,0.08490000132471323,0.052564152078165824
[-0.01  0.1 ],0.10000000149011612,0.08490000132471323,0.052564152078165824
[-0.01  0.  ],0.0,0.08490000132471323,0.05256415207816583
[-0.01  0.1 ],0.10000000149011612,0.0859000013396144,0.0518863188274841
[0.   0.09],0.09000000171363354,0.08580000134184956,0.051868681123159524
[0.3  0.19],0.30000000447034836,0.08790000136941671,0.056076644823950396
[-0.01  0.  ],0.0,0.08690000135451555,0.05673966951842341
[-0.01  0.1 ],0.10000000149011612,0.08700000135228038,0.05675385534986689
[-0.01  0.  ],0.0,0.08610000133514405,0.05740897228982641
[0.19 0.2 ],0.20000000298023224,0.0871000013500452,0.058502906791446554
[ 0.1  -0.01],0.10000000149011612,0.0871000013500452,0.05850290679144656
[ 0.1  -0.01],0.10000000149011612,0.0871000013500452,0.05850290679144656
[-0.01  0.  ],0.0,0.08620000133290887,0.05914017336251669
[0.40000001 0.29      ],0.4000000059604645,0.08920000137761236,0.06686822963171267
[0.3  0.19],0.30000000447034836,0.09220000142231584,0.06947776726689302
[0.   0.09],0.09000000171363354,0.09220000142231584,0.06947776726689302
[-0.01  0.1 ],0.10000000149011612,0.09220000142231584,0.06947776726689302
[-0.01  0.1 ],0.10000000149011612,0.09220000142231584,0.06947776726689302
[-0.01  0.1 ],0.10000000149011612,0.093200001437217,0.06886043959887692
[0.2  0.09],0.20000000298023224,0.09520000146701932,0.06902869071805053
[-0.01  0.  ],0.0,0.09430000144988299,0.06967431481569289
[-0.01  0.1 ],0.10000000149011612,0.09430000144988299,0.06967431481569289
[0.   0.09],0.09000000171363354,0.09520000146701932,0.06902869071805053
[-0.01  0.1 ],0.10000000149011612,0.09520000146701932,0.06902869071805051
[0.1  0.09],0.10000000149011612,0.09520000146701932,0.06902869071805053
[0.39000001 0.40000001],0.4000000059604645,0.0982000015117228,0.07539734855662948
[0.09 0.1 ],0.10000000149011612,0.09720000149682165,0.07470046965280347
[-0.01  0.1 ],0.10000000149011612,0.09730000149458647,0.07469745756303026
[-0.01  0.1 ],0.10000000149011612,0.09730000149458647,0.07469745756303026
[0.1  0.09],0.10000000149011612,0.09830000150948763,0.07405477812702024
[ 0.1  -0.01],0.10000000149011612,0.09830000150948763,0.07405477812702024
[0.   0.09],0.09000000171363354,0.0982000015117228,0.07405916663998735
[-0.01  0.1 ],0.10000000149011612,0.0982000015117228,0.07405916663998735
[-0.01  0.  ],0.0,0.09720000149682165,0.07470046965280347
[0.   0.09],0.09000000171363354,0.09710000149905681,0.07470334775844396
[0.1  0.09],0.10000000149011612,0.09710000149905681,0.07470334775844395
[ 0.1  -0.01],0.10000000149011612,0.09710000149905681,0.07470334775844396
[-0.01  0.  ],0.0,0.09520000146701932,0.0747325910559852
[0.   0.09],0.09000000171363354,0.0951000014692545,0.07473279177117434
[ 0.   -0.01],0.0,0.09310000143945217,0.07457472873178275
[ 0.1  -0.01],0.10000000149011612,0.09310000143945217,0.07457472873178275
[ 0.1  -0.01],0.10000000149011612,0.09310000143945217,0.07457472873178275
[-0.01  0.1 ],0.10000000149011612,0.093200001437217,0.07457720942381404
[0.   0.09],0.09000000171363354,0.09320000141859054,0.07457720942461331
[0.1  0.09],0.10000000149011612,0.09320000141859054,0.0745772094246133
[-0.01  0.1 ],0.10000000149011612,0.09320000141859054,0.07457720942461331
[0.19 0.2 ],0.20000000298023224,0.0942000014334917,0.07532834903845144
[0.   0.09],0.09000000171363354,0.09410000143572689,0.07532722063656082
[0.1  0.09],0.10000000149011612,0.09410000143572689,0.07532722063656082
[0.2  0.09],0.20000000298023224,0.09510000145062804,0.07605912287204052
[ 0.1  -0.01],0.10000000149011612,0.09510000145062804,0.07605912287204052
[-0.01  0.  ],0.0,0.09410000143572689,0.07664326568453081
[0.09 0.1 ],0.10000000149011612,0.09410000143572689,0.07664326568453081
[0.09 0.1 ],0.10000000149011612,0.09510000145062804,0.07605912287204052
[0.   0.09],0.09000000171363354,0.09500000145286322,0.07605918861014695
[-0.01  0.  ],0.0,0.09500000145286322,0.07605918861014695
[-0.01  0.  ],0.0,0.09400000143796206,0.07664202616554978
[0.09 0.1 ],0.10000000149011612,0.09300000142306089,0.07590125276612805
[-0.01  0.  ],0.0,0.09200000140815973,0.07645914055281663
[ 0.1  -0.01],0.10000000149011612,0.09200000140815973,0.07645914055281662
[-0.01  0.1 ],0.10000000149011612,0.09200000140815973,0.07645914055281663
[0.   0.09],0.09000000171363354,0.09190000141039491,0.07645515138988662
[ 0.1  -0.01],0.10000000149011612,0.09290000142529607,0.07589855184021159
[ 0.1  -0.01],0.10000000149011612,0.09290000142529607,0.0758985518402116
[-0.01  0.1 ],0.10000000149011612,0.09390000144019722,0.0753245655066957
[ 0.   -0.01],0.0,0.09290000142529607,0.07589855184021159
[-0.01  0.1 ],0.10000000149011612,0.09290000142529607,0.07589855184021159
[0.09 0.1 ],0.10000000149011612,0.09290000142529607,0.07589855184021159
[0.   0.09],0.09000000171363354,0.09180000141263008,0.07513161896342994
[0.09 0.1 ],0.10000000149011612,0.09180000141263008,0.07513161896342994
[-0.01  0.  ],0.0,0.09080000139772892,0.07567932459144376
[0.1  0.09],0.10000000149011612,0.09080000139772892,0.07567932459144375
[-0.01  0.  ],0.0,0.09080000139772892,0.07567932459144376
[0.   0.09],0.09000000171363354,0.09170000141486526,0.07512729309673637
[0.   0.09],0.09000000171363354,0.09260000143200159,0.07456031226736556
[ 0.1  -0.01],0.10000000149011612,0.09260000143200159,0.07456031226736556
[0.09 0.1 ],0.10000000149011612,0.09260000143200159,0.07456031226736556
[-0.01  0.1 ],0.10000000149011612,0.09360000144690275,0.07397999839641654
[0.29 0.3 ],0.30000000447034836,0.09560000147670507,0.07677656006288533
[-0.01  0.  ],0.0,0.09460000146180392,0.0773617488031541
[ 0.1  -0.01],0.10000000149011612,0.09560000147670507,0.07677656006288533
[ 0.1  -0.01],0.10000000149011612,0.09660000149160623,0.07617374988956337
[0.   0.09],0.09000000171363354,0.09750000150874256,0.07555627154178414
[-0.01  0.1 ],0.10000000149011612,0.09650000149384141,0.07485152080117366
[ 0.1  -0.01],0.10000000149011612,0.09650000149384141,0.07485152080117366
[0.09 0.1 ],0.10000000149011612,0.09650000149384141,0.07485152080117366
[0.   0.09],0.09000000171363354,0.09640000149607658,0.07485345794431054
[-0.01  0.1 ],0.10000000149011612,0.09740000151097775,0.0742242558959401
[-0.01  0.  ],0.0,0.09640000149607658,0.07485345794431054
[0.   0.09],0.09000000171363354,0.0953000014834106,0.07412766125468807
[-0.01  0.1 ],0.10000000149011612,0.09540000148117542,0.07412718909492835
[0.09 0.2 ],0.20000000298023224,0.09640000149607658,0.07485345794431054
[0.1  0.09],0.10000000149011612,0.09740000151097775,0.0742242558959401
[ 0.   -0.01],0.0,0.09640000149607658,0.07485345794431054
[-0.01  0.  ],0.0,0.09540000148117542,0.07546416480075646
[0.   0.09],0.09000000171363354,0.09430000146850943,0.0747295802603409
[-0.01  0.  ],0.0,0.09430000146850943,0.0747295802603409
[0.09 0.1 ],0.10000000149011612,0.09430000146850943,0.0747295802603409
[-0.01  0.  ],0.0,0.09330000145360827,0.07531341293968874
[-0.01  0.  ],0.0,0.09330000145360827,0.07531341293968874
[0.29 0.3 ],0.30000000447034836,0.0953000014834106,0.07806990573179386
[0.   0.09],0.09000000171363354,0.09520000148564577,0.078070225956805
[ 0.   -0.01],0.0,0.09520000148564577,0.078070225956805
[0.1  0.09],0.10000000149011612,0.09520000148564577,0.078070225956805
[ 0.1  -0.01],0.10000000149011612,0.0953000014834106,0.07806990573179386
[ 0.1  -0.01],0.10000000149011612,0.09330000145360827,0.07531341293968874
[0.   0.09],0.09000000171363354,0.09420000147074462,0.07472857663480306
[ 0.1  -0.01],0.10000000149011612,0.09420000147074462,0.07472857663480306
[-0.01  0.1 ],0.10000000149011612,0.09520000148564577,0.07412799850977494
[-0.01  0.1 ],0.10000000149011612,0.09420000147074462,0.07337819948665388
[0.   0.09],0.09000000171363354,0.09410000147297978,0.07337704109516115
[-0.01  0.  ],0.0,0.09310000145807862,0.07396884589218147
[0.09 0.1 ],0.10000000149011612,0.09410000147297978,0.07337704109516115
[0.09 0.1 ],0.10000000149011612,0.0911000014282763,0.06663175018082848
[0.   0.09],0.09000000171363354,0.08900000140070916,0.06323764795854207
[-0.01  0.  ],0.0,0.08810000138357282,0.06385444480836598
[0.2  0.09],0.20000000298023224,0.08910000139847397,0.06480887381603559
[-0.01  0.1 ],0.10000000149011612,0.08910000139847397,0.06480887381603558
[-0.01  0.1 ],0.10000000149011612,0.08910000139847397,0.06480887381603558
[0.1  0.09],0.10000000149011612,0.08810000138357282,0.06385444480836598
[0.   0.09],0.09000000171363354,0.08900000140070916,0.06323764795854207
[0.   0.09],0.09000000171363354,0.08890000140294432,0.06322808014889852
[ 0.   -0.01],0.0,0.08800000138580799,0.06384355975172665
[-0.01  0.  ],0.0,0.08700000137090683,0.06442825563490351
[0.09 0.1 ],0.10000000149011612,0.08700000137090683,0.06442825563490351
[-0.01  0.  ],0.0,0.08300000131130218,0.05684188682067465
[0.   0.09],0.09000000171363354,0.08290000131353736,0.056820683710514804
[0.2  0.09],0.20000000298023224,0.08390000132843851,0.05798094601801155
[0.   0.09],0.09000000171363354,0.0838000013306737,0.05796171237238381
[0.29 0.3 ],0.30000000447034836,0.08580000136047601,0.06180906175104129
[ 0.1  -0.01],0.10000000149011612,0.08580000136047601,0.06180906175104129
[-0.01  0.  ],0.0,0.08490000134333968,0.06239383075928342
[-0.01  0.1 ],0.10000000149011612,0.08490000134333968,0.06239383075928341
[-0.01  0.1 ],0.10000000149011612,0.08590000135824084,0.06182386363332233
[0.3        0.39000001],0.3900000061839819,0.08890000140294432,0.06883160715546623
[-0.01  0.  ],0.0,0.08790000138804316,0.06938724771922943
[0.   0.09],0.09000000171363354,0.08780000139027834,0.06937694246678164
[0.09 0.1 ],0.10000000149011612,0.0888000014051795,0.0688226717266364
[-0.01  0.  ],0.0,0.08790000138804316,0.06938724771922943
[0.19 0.3 ],0.30000000447034836,0.09090000143274665,0.07195964255342328
[0.1  0.09],0.10000000149011612,0.09090000143274665,0.07195964255342328
[-0.01  0.  ],0.0,0.08990000141784549,0.07251889518588198
[-0.01  0.  ],0.0,0.08890000140294432,0.0730601817783519
[-0.01  0.1 ],0.10000000149011612,0.08900000140070916,0.07306846215364592
[0.   0.09],0.09000000171363354,0.08890000140294432,0.0730601817783519
[ 0.   -0.01],0.0,0.08790000138804316,0.07358389880898608
[ 0.1  -0.01],0.10000000149011612,0.08690000137314201,0.07272819371025457
[ 0.   -0.01],0.0,0.08600000135600566,0.07323933480508188
[0.   0.09],0.09000000171363354,0.08590000135824084,0.07322697701450187
[0.09 0.1 ],0.10000000149011612,0.08490000134333968,0.07233940944594715
[-0.01  0.  ],0.0,0.08390000132843851,0.0728133927323487
[0.   0.09],0.09000000171363354,0.08480000134557486,0.07232537700546246
[0.3  0.19],0.30000000447034836,0.08680000137537718,0.07541724055060722
[0.09 0.1 ],0.10000000149011612,0.08680000137537718,0.07541724055060721
[ 0.1  -0.01],0.10000000149011612,0.08690000137314201,0.0754280463241442
[0.   0.09],0.09000000171363354,0.08780000139027834,0.0749210262201539
[-0.01  0.  ],0.0,0.08780000139027834,0.0749210262201539
[ 0.1  -0.01],0.10000000149011612,0.08780000139027834,0.0749210262201539
[-0.01  0.  ],0.0,0.08780000139027834,0.0749210262201539
[ 0.   -0.01],0.0,0.08680000137537718,0.07541724055060721
[-0.01  0.  ],0.0,0.08580000136047601,0.07589703666544376
[-0.01  0.  ],0.0,0.08490000134333968,0.07637401506317301
[-0.01  0.1 ],0.10000000149011612,0.08490000134333968,0.07637401506317303
[0.2  0.09],0.20000000298023224,0.08590000135824084,0.07721521987641931
[0.2  0.09],0.20000000298023224,0.08690000137314201,0.07803454481316702
[0.   0.09],0.09000000171363354,0.08780000139027834,0.07754456900261886
[ 0.1  -0.01],0.10000000149011612,0.08780000139027834,0.07754456900261886
[0.1  0.09],0.10000000149011612,0.08780000139027834,0.07754456900261886
[ 0.1  -0.01],0.10000000149011612,0.08790000138804316,0.07755378895845448
[0.   0.09],0.09000000171363354,0.08780000139027834,0.07754456900261886
[0.19 0.3 ],0.30000000447034836,0.09080000143498182,0.07985837584226331
[0.2  0.19],0.20000000298023224,0.09180000144988298,0.08059007504338896
[-0.01  0.1 ],0.10000000149011612,0.09280000146478415,0.08006347602255272
[0.   0.09],0.09000000171363354,0.09280000146478415,0.08006347602255272
[-0.01  0.  ],0.0,0.09190000144764782,0.08059398361860273
[ 0.1  -0.01],0.10000000149011612,0.09190000144764782,0.08059398361860273
[-0.01  0.1 ],0.10000000149011612,0.09190000144764782,0.08059398361860273
[-0.01  0.1 ],0.10000000149011612,0.09190000144764782,0.08059398361860273
[ 0.1  -0.01],0.10000000149011612,0.08990000141784549,0.07783951556133166
[-0.01  0.  ],0.0,0.08990000141784549,0.07783951556133166
[0.   0.09],0.09000000171363354,0.08980000142008066,0.07783289910320207
[-0.01  0.1 ],0.10000000149011612,0.08980000142008066,0.07783289910320208
[-0.01  0.1 ],0.10000000149011612,0.08990000141784549,0.07783951556133166
[0.09 0.1 ],0.10000000149011612,0.08990000141784549,0.07783951556133166
[0.   0.09],0.09000000171363354,0.08980000142008066,0.07783289910320208
[ 0.1  -0.01],0.10000000149011612,0.08980000142008066,0.07783289910320208
[ 0.1  -0.01],0.10000000149011612,0.08990000141784549,0.07783951556133166
[ 0.1  -0.01],0.10000000149011612,0.08990000141784549,0.07783951556133166
[-0.01  0.1 ],0.10000000149011612,0.09090000143274665,0.07731875697564147
[0.   0.09],0.09000000171363354,0.09090000143274665,0.07731875697564146
[-0.01  0.  ],0.0,0.08990000141784549,0.07783951556133166
[-0.01  0.1 ],0.10000000149011612,0.08890000140294432,0.07705705794648025
[-0.01  0.1 ],0.10000000149011612,0.08890000140294432,0.07705705794648025
[0.1  0.09],0.10000000149011612,0.08990000141784549,0.0765440407664916
[-0.01  0.1 ],0.10000000149011612,0.09090000143274665,0.07601440767576789
[-0.01  0.  ],0.0,0.09000000141561032,0.07655063799131126
[-0.01  0.1 ],0.10000000149011612,0.09100000143051147,0.07601973542649162
[0.19 0.3 ],0.30000000447034836,0.0930000014603138,0.07880989904123951
[-0.01  0.  ],0.0,0.0930000014603138,0.07880989904123953
[-0.01  0.  ],0.0,0.0930000014603138,0.07880989904123951
[ 0.1  -0.01],0.10000000149011612,0.09100000143051147,0.07601973542649161
[ 0.1  -0.01],0.10000000149011612,0.0911000014282763,0.07602493126817428
[-0.01  0.1 ],0.10000000149011612,0.09210000144317747,0.07547575883493658
[ 0.1  -0.01],0.10000000149011612,0.09210000144317747,0.07547575883493658
[ 0.1  -0.01],0.10000000149011612,0.09210000144317747,0.07547575883493658
[0.3  0.19],0.30000000447034836,0.09410000147297978,0.07825720531791217
[0.   0.09],0.09000000171363354,0.09410000147297978,0.07825720531791217
[0.   0.09],0.09000000171363354,0.09400000147521496,0.07825599136263338
[0.   0.09],0.09000000171363354,0.09390000147745013,0.07825464960069872
[0.09 0.1 ],0.10000000149011612,0.09390000147745013,0.07825464960069871
[-0.01  0.1 ],0.10000000149011612,0.09400000147521496,0.07825599136263338
[-0.01  0.1 ],0.10000000149011612,0.09500000149011611,0.07768526360479916
[-0.01  0.  ],0.0,0.09400000147521496,0.07825599136263338
[ 0.   -0.01],0.0,0.0930000014603138,0.07880989904123951
[ 0.1  -0.01],0.10000000149011612,0.09310000145807862,0.07881237331098577
[-0.01  0.1 ],0.10000000149011612,0.09410000147297978,0.07825720531791217
[-0.01  0.1 ],0.10000000149011612,0.09310000145807862,0.07753315536562225
[0.   0.09],0.09000000171363354,0.0930000014603138,0.07753064027163646
[-0.01  0.  ],0.0,0.09200000144541264,0.0780768863596142
[-0.01  0.  ],0.0,0.09100000143051147,0.07860661668227881
[ 0.1  -0.01],0.10000000149011612,0.0911000014282763,0.07861164154405856
[-0.01  0.  ],0.0,0.09020000141113997,0.0791325482265629
[-0.01  0.1 ],0.10000000149011612,0.09120000142604112,0.07861653888507994
[-0.01  0.1 ],0.10000000149011612,0.09220000144094229,0.0780843145814168
[-0.01  0.1 ],0.10000000149011612,0.09220000144094229,0.0780843145814168
[-0.01  0.1 ],0.10000000149011612,0.09320000145584345,0.07753554140502557
[0.   0.09],0.09000000171363354,0.09320000145584345,0.07753554140502555
[0.2  0.09],0.20000000298023224,0.09320000145584345,0.07753554140502555
[-0.01  0.1 ],0.10000000149011612,0.09330000145360827,0.07753779840176041
[-0.01  0.1 ],0.10000000149011612,0.09130000142380595,0.07470816667812508
[-0.01  0.1 ],0.10000000149011612,0.09130000142380595,0.07470816667812508
[-0.01  0.  ],0.0,0.09130000142380595,0.07470816667812508
[0.29 0.3 ],0.30000000447034836,0.09330000145360827,0.07753779840176041
[-0.01  0.  ],0.0,0.09230000143870712,0.07808783633620396
